<!-- Farming update, divided water consumption by 5 and then again by 2 as we only produce one item per batch. 
	Batches are 30% shorter though.
	Temps are now very different from crops so it'll be harder to split a bed between crops. 
-->
<data>
	<Product>
	<product _annotated_name="Fruits" eid="704" type="Crop">
		<name tid="422" />
		<GUIAnimation aid="fruitFrood1" />
		<stages>
			<l co2PerMinute="3" lightNeeded="Medium" maxTemp="303" minTemp="288" oxygenPerMinute="10" stage="1" time="1000">
				<needs>
					<l _annotated_name="Water" consumeEvery="10" element="16" howMuch="1" />
				</needs>
				<anims>
					<l dir="D1" type="Single" useFlipped="true">
						<animation aid="potato1" />
					</l>
				</anims>
			</l>
			<l co2PerMinute="3" lightNeeded="Medium" maxTemp="303" minTemp="288" oxygenPerMinute="5" stage="2" time="1000">
				<tend penalty="-50" />
				<anims>
					<l dir="D1" type="Single" useFlipped="true">
						<animation aid="potato2" />
					</l>
				</anims>
			</l>
			<l co2PerMinute="3" lightNeeded="Medium" maxTemp="303" minTemp="288" oxygenPerMinute="5" stage="3" time="1000">
				<needs>
					<l _annotated_name="Water" consumeEvery="10" element="16" howMuch="1" />
				</needs>
				<anims>
					<l dir="D1" type="Single" useFlipped="true">
						<animation aid="potato3" />
					</l>
				</anims>
			</l>
			<l co2PerMinute="3" lightNeeded="Medium" maxTemp="303" minTemp="288" oxygenPerMinute="5" stage="4" time="1000">
				<tend penalty="-50" />
				<anims>
					<l dir="D1" type="Single" useFlipped="true">
						<animation aid="potato4" />
					</l>
				</anims>
			</l>
			<l co2PerMinute="3" lightNeeded="Medium" maxTemp="303" minTemp="288" oxygenPerMinute="5" stage="5" time="1">
				<harvestable>
					<products>
						<l element="706" howMuch="1" produceEvery="1" />
						<l element="71" howMuch="0" produceEvery="1" />
					</products>
				</harvestable>
				<anims>
					<l dir="D1" type="Single" useFlipped="true">
						<animation aid="potato5" />
					</l>
				</anims>
			</l>
		</stages>
		<plantingPenalty penalty="-75" />
		<difficulty level="2" skill="Farming" />
		<desc tid="424" />
	</product>
	</Product>
	<Element>
    </Element>
</data>
