<!-- Farming update, divided water consumption by 5 but raised it to make meat more expensive.
	It also requires chemicals to grow, and a much higher temperature (closer to body temp).
-->
<data>
	<Product>
    <!-- Artificial Meat: 33 - 40C, needs more CO2 and chemicals as well as water -->
	<product _annotated_name="Artificial meat" eid="705" type="Crop">
		<name tid="423" />
		<GUIAnimation aid="artificialMeatIcon" />
		<stages>
			<l co2PerMinute="12" lightNeeded="Medium" maxTemp="313" minTemp="306" oxygenPerMinute="0" stage="1" time="1300">
				<needs>
					<l _annotated_name="Water" consumeEvery="6" element="16" howMuch="1" />
					<l _annotated_name="Chemicals" consumeEvery="6" element="176" howMuch="1" />
				</needs>
				<anims>
					<l dir="D1" type="Single" useFlipped="true">
						<animation aid="potato1" />
					</l>
				</anims>
			</l>
			<l co2PerMinute="12" lightNeeded="Medium" maxTemp="313" minTemp="306" oxygenPerMinute="0" stage="2" time="1300">
				<tend penalty="-50" />
				<anims>
					<l dir="D1" type="Single" useFlipped="true">
						<animation aid="potato2" />
					</l>
				</anims>
			</l>
			<l co2PerMinute="12" lightNeeded="Medium" maxTemp="313" minTemp="306" oxygenPerMinute="0" stage="3" time="1300">
				<needs>
					<l _annotated_name="Water" consumeEvery="6" element="16" howMuch="1" />
					<l _annotated_name="Chemicals" consumeEvery="6" element="176" howMuch="1" />
				</needs>
				<anims>
					<l dir="D1" type="Single" useFlipped="true">
						<animation aid="potato3" />
					</l>
				</anims>
			</l>
			<l co2PerMinute="12" lightNeeded="Medium" maxTemp="313" minTemp="306" oxygenPerMinute="0" stage="4" time="1300">
				<tend penalty="-50" />
				<anims>
					<l dir="D1" type="Single" useFlipped="true">
						<animation aid="potato4" />
					</l>
				</anims>
			</l>
			<l co2PerMinute="12" lightNeeded="Medium" maxTemp="313" minTemp="306" oxygenPerMinute="0" stage="5" time="1">
				<harvestable>
					<products>
						<l element="707" howMuch="1" produceEvery="1" />
						<l element="71" howMuch="0" produceEvery="1" />
					</products>
				</harvestable>
				<anims>
					<l dir="D1" type="Single" useFlipped="true">
						<animation aid="potato5" />
					</l>
				</anims>
			</l>
		</stages>
		<plantingPenalty penalty="-75" />
		<difficulty level="3" skill="Farming" />
		<desc tid="425" />
	</product>
	</Product>
	<Element>
    </Element>
</data>
