<AllAnimations>
  <animations>
    <!-- create an "animation" with the new region from textures, referenced by its attribute 'n' 
   'id' seems to be an index in the animations file, not sure how to handle that for now!
    -->
    <ba n="build_icon_50420123" f="30" ks="1" id="504204434">
      <bones>
        <b id="0">
          <pos>
            <p f="1" x="0" y="0" sx="1" sy="1" r="0" col="-1"/>
          </pos>
        </b>
      </bones>
      <items>
      <!-- attribute "a" references the "re" node, indexes by "n". The modloader will remap this id when running the game (should be transparent) -->
        <assetPos vf="1:1" bi="0" x="0" y="0" sx="1" sy="1" r="0" a="504202283"/>
      </items>
    </ba>
  </animations>
</AllAnimations>