<mod>
  <name>Better toilets</name>
  <description>Adds two new toilet models:
  	- X0 Toilet one block basic toiler with no recycling at all
  	- X2 Toilet with better water recycling capability
  
  This should also serve as an tutorial for modders as it both modifies existing textures and add new ones. XML files are heavily commented with explainations. 
  
  KNOWN ISSUES: 
   - construction animation on the new elements in the X2 toilet (drums at the back)
   - bad clipping on the new elements in the X2 toilet (drums at the back)
   - the X0 toilet show "1 poop to 1 water" in the build menu, even though it doesn't produce any water
  </description>
  <modVersion>0.5</modVersion>
  <minimumLoaderVersion>0.0.5</minimumLoaderVersion>
  <gameVersions>
    <v>0.4.1</v>
  </gameVersions>
</mod>
