<mod>
  <name>Gun balance</name>
  <description>Updates the guns for more realistic balance
  	Pistol should be generally weak, but still decent until medium range
  	Shotgun devastating at short ranges but mediocre further
  	SMG balanced
  	Assault Rifle reliable at all distances, but dominating at long distances by reliably landing shots
  </description>
  <modVersion>0.1</modVersion>
  <author>PhiR</author>
  <minimumLoaderVersion>0.0.6</minimumLoaderVersion>
  <gameVersions>
    <v>0.4.1</v>
  </gameVersions>
</mod>
