
<!--
	LOOK FOR "MOD HERE" COMMENTS to find the juicy bits
	
	Not sure about the damage model (min/max). It is random or distance-based ?
	
	I like the new gunfights better, they look more realistic in terms of hit ratio (people can actually hit each other!)
	But there is an issue with surrendering, it seems to happen a lot. The code might be tilted towards number of hits rather than actual damage ?
	
VANILLA VALUES FOR REFERENCE:
AR:  
<weapon fullLight="true" gunType="Rifle" id="0" speed="30" type="Gun">
<gunModes>
	<l accuracy="50" afterCool="0.7" defMode="false" preCool="0.05" type="SnapShot" />
</gunModes>
<damageTypes>
	<l damageType="Bullet" type="Person">
		<level max="5" min="2" />
	</l>
	<l damageTier="HeavyFurniture" type="Structure" />
</damageTypes>

-->
<data>
	<Product>
	</Product>
  <Element>
  </Element>
  	<Item>
		<item _annotation="Assault rifle" eid="0" handness="TwoHand" mid="725">
			<name tid="508" />
			<desc tid="509" />
			<anims>
				<l dir="D1" inFront="true" leftArmInFront="true" leftBehindItem="false" offX="-1" offY="-2" rightArmInFront="false" rightBehindItem="false" type="ItemSingleOffseted" useFlipped="false">
					<animation aid="smg1-3" />
				</l>
				<l dir="D6" inFront="true" leftArmInFront="false" leftBehindItem="false" offX="2" offY="0" rightArmInFront="false" rightBehindItem="false" type="ItemSingleOffseted" useFlipped="true">
					<animation aid="smg1-2" />
				</l>
				<l dir="D2" inFront="true" leftArmInFront="false" leftBehindItem="false" offX="-4" offY="-4" rightArmInFront="false" rightBehindItem="false" type="ItemSingleOffseted" useFlipped="true">
					<animation aid="smg1-6" />
				</l>
				<l dir="D3" inFront="true" leftArmInFront="false" leftBehindItem="false" offX="6" offY="-5" rightArmInFront="true" rightBehindItem="false" type="ItemSingleOffseted" useFlipped="false">
					<animation aid="smg1-1" />
				</l>
				<l dir="D9" inFront="false" leftArmInFront="false" leftBehindItem="false" offX="3" offY="-7" rightArmInFront="true" rightBehindItem="false" type="ItemSingleOffseted" useFlipped="true">
					<animation aid="smg1-7" />
				</l>
				<l dir="D8" inFront="false" leftArmInFront="true" leftBehindItem="false" offX="-3" offY="-2" rightArmInFront="true" rightBehindItem="false" type="ItemSingleOffseted" useFlipped="true">
					<animation aid="smg1-6" />
				</l>
			</anims>
			<fabricateable cat="Weapons">
				<GUIAnim aid="rifle1inv" />
				<cost buildTools="0" partsPerTile="1" type="Defined">
					<resources>
						<l _annotation="Steel Plates" consumeEvery="3" element="1922" howMuch="2" />
						<l _annotation="Plastics" consumeEvery="1" element="175" howMuch="1" />
					</resources>
					<difficultyLevel level="3" skill="Construction" />
				</cost>
			</fabricateable>
			<!-- MOD HERE FOR BULLET SPEED -->
			<weapon fullLight="true" gunType="Rifle" id="0" speed="22" type="Gun">
				<flare>
					<flareProjectile aid="smallProjectile1" />
					<flareEffect effect="718" />
				</flare>
				<gunModes>
					<!-- MOD HERE FOR ASSAULT RIFLE RATE OF FIRE 
					increased precool (aiming/wielding time)
					-->
					<l accuracy="90" afterCool="0.2" defMode="false" preCool="0.2" type="SnapShot" />
				</gunModes>
				<weaponAnims>
					<l dir="D1" inFront="false" leftArmInFront="true" leftBehindItem="false" rightArmInFront="false" rightBehindItem="false" type="ItemSingle" useFlipped="false">
						<animation aid="rifle1-1" />
					</l>
					<l dir="D2" inFront="true" leftArmInFront="true" leftBehindItem="false" rightArmInFront="false" rightBehindItem="false" type="ItemSingle" useFlipped="false">
						<animation aid="rifle1-2" />
					</l>
					<l dir="D3" inFront="true" leftArmInFront="false" leftBehindItem="false" rightArmInFront="true" rightBehindItem="false" type="ItemSingle" useFlipped="false">
						<animation aid="rifle1-3" />
					</l>
					<l dir="D4" inFront="false" leftArmInFront="true" leftBehindItem="false" rightArmInFront="false" rightBehindItem="false" type="ItemSingle" useFlipped="false">
						<animation aid="rifle1-4" />
					</l>
					<l dir="D6" inFront="true" leftArmInFront="false" leftBehindItem="false" rightArmInFront="true" rightBehindItem="false" type="ItemSingle" useFlipped="false">
						<animation aid="rifle1-6" />
					</l>
					<l dir="D7" inFront="false" leftArmInFront="false" leftBehindItem="false" rightArmInFront="false" rightBehindItem="false" type="ItemSingle" useFlipped="false">
						<animation aid="rifle1-7" />
					</l>
					<l dir="D8" inFront="false" leftArmInFront="false" leftBehindItem="false" rightArmInFront="true" rightBehindItem="false" type="ItemSingle" useFlipped="false">
						<animation aid="rifle1-8" />
					</l>
					<l dir="D9" inFront="true" leftArmInFront="false" leftBehindItem="false" rightArmInFront="true" rightBehindItem="false" type="ItemSingle" useFlipped="false">
						<animation aid="rifle1-9" />
					</l>
				</weaponAnims>
				<projectile aid="smallProjectile2" />
				<hit aid="2explosionWallhit2" />
				<audio noise="10.0">
					<audio auid="990" />
				</audio>
				<bulletEffect effect="755" />
				<light color="537080fe" powerTier="None" skipCenter="false">
					<offset x="0" y="0" />
					<flood brightness="300" distance="6" />
				</light>
				<damageTypes>
					<!-- MOD HERE FOR ASSAULT RIFLE DAMAGE
					increased dmg per shot
					-->
					<l damageType="Bullet" type="Person">
						<level min="5" max="6" />
					</l>
					<l damageTier="HeavyFurniture" type="Structure" />
				</damageTypes>
				<positions>
					<l direction="D1" offX="-18" offY="22" />
					<l direction="D2" offX="-6" offY="17" />
					<l direction="D3" offX="11" offY="18" />
					<l direction="D6" offX="18" offY="26" />
					<l direction="D9" offX="17" offY="32" />
					<l direction="D8" offX="4" offY="35" />
					<l direction="D7" offX="-14" offY="37" />
					<l direction="D4" offX="-16" offY="27" />
				</positions>
				<bulletEffectPos>
					<l direction="D1" offX="8" offY="4" />
					<l direction="D2" offX="0" offY="4" />
					<l direction="D3" offX="-6" offY="4" />
					<l direction="D6" offX="-8" offY="3" />
					<l direction="D9" offX="-6" offY="-1" />
					<l direction="D8" offX="0" offY="-4" />
					<l direction="D7" offX="6" offY="-1" />
					<l direction="D4" offX="8" offY="1" />
				</bulletEffectPos>
				<muzzle instance="10_AllMuzzles_muzzle1" />
			</weapon>
			<backPackItem id="747" />
		</item>
	</Item>
</data>
