
<!--
	LOOK FOR "MOD HERE" COMMENTS to find the juicy bits
	
	Not sure about the damage model (min/max). It is random or distance-based ?
	
	I like the new gunfights better, they look more realistic in terms of hit ratio (people can actually hit each other!)
	But there is an issue with surrendering, it seems to happen a lot. The code might be tilted towards number of hits rather than actual damage ?
	
VANILLA VALUES FOR REFERENCE:
  Pistol:
<weapon fullLight="true" gunType="Pistol" id="0" speed="25" type="Gun">
<gunModes>
	<l accuracy="45" afterCool="0.7" defMode="false" preCool="0.05" type="AimedShot" />
	<l accuracy="50" afterCool="0.7" defMode="false" preCool="0.05" type="SnapShot" />
	<l accuracy="20" afterCool="0.7" defMode="false" preCool="0.05" shotInterval="0.3" shots="3" type="BurstShot" />
</gunModes>
<damageTypes>
	VANILLA:
	<l damageType="Bullet" type="Person">
		<level max="3" min="1" />
	</l>
	<l damageTier="HeavyFurniture" type="Structure" />

</damageTypes>

-->
<data>
	<Product>
	</Product>
  <Element>
  </Element>
  	<Item>
		<item _annotation="Five-Seven Pistol" eid="0" handness="SingleHand" mid="760">
			<name tid="506" />
			<desc tid="507" />
			<anims>
				<l dir="D1" inFront="true" leftArmInFront="true" lx="5" ly="-8" rightArmInFront="false" rx="-7" ry="2" type="ItemSingleS" useFlipped="false">
					<animation aid="pistol1-3" />
				</l>
				<l dir="D6" inFront="true" leftArmInFront="false" lx="4" ly="1" rightArmInFront="true" rx="2" ry="-2" type="ItemSingleS" useFlipped="false">
					<animation aid="pistol1-2" />
				</l>
				<l dir="D2" inFront="true" leftArmInFront="false" lx="8" ly="-7" rightArmInFront="false" rx="-10" ry="-5" type="ItemSingleS" useFlipped="false">
					<animation aid="pistol1-6" />
				</l>
				<l dir="D3" inFront="true" leftArmInFront="false" lx="13" ly="-2" rightArmInFront="true" rx="1" ry="-9" type="ItemSingleS" useFlipped="false">
					<animation aid="pistol1-1" />
				</l>
				<l dir="D9" inFront="true" leftArmInFront="false" lx="-2" ly="-1" rightArmInFront="true" rx="6" ry="-3" type="ItemSingleS" useFlipped="false">
					<animation aid="pistol1-3" />
				</l>
				<l dir="D8" inFront="true" leftArmInFront="false" lx="-8" ly="-7" rightArmInFront="false" rx="7" ry="-6" type="ItemSingleS" useFlipped="false">
					<animation aid="pistol1-4" />
				</l>
				<l dir="D4" inFront="true" leftArmInFront="true" lx="-1" ly="-13" rightArmInFront="false" rx="-2" ry="-9" type="ItemSingleS" useFlipped="false">
					<animation aid="pistol1-8" />
				</l>
				<l dir="D7" inFront="true" leftArmInFront="true" lx="2" ly="-5" rightArmInFront="false" rx="8" ry="-3" type="ItemSingleS" useFlipped="true">
					<animation aid="pistol1-1" />
				</l>
			</anims>
			<invIcon aid="pistol1inv" />
			<fabricateable cat="Weapons">
				<GUIAnim aid="pistol1inv" />
				<cost buildTools="0" partsPerTile="1" type="Defined">
					<resources>
						<l _annotation="Steel Plates" consumeEvery="3" element="1922" howMuch="1" />
						<l _annotation="Plastics" consumeEvery="1" element="175" howMuch="1" />
					</resources>
					<difficultyLevel level="1" skill="Construction" />
				</cost>
			</fabricateable>
			<!-- MOD HERE FOR BULLET SPEED -->
			<weapon fullLight="true" gunType="Pistol" id="0" speed="20" type="Gun">
				<flare>
					<flareProjectile aid="smallProjectile1" />
					<flareEffect effect="718" />
				</flare>
				<gunModes>
					<!-- MOD HERE FOR PISTOL RATE OF FIRE 
					0 precool as the gun is easy to aim and wield
					not which of aimed/snapshot is used so I've put the same values
					-->
					<l accuracy="60" afterCool="0.7" defMode="false" preCool="0.05" type="AimedShot" />
					<l accuracy="60" afterCool="0.7" defMode="false" preCool="0.05" type="SnapShot" />
					<l accuracy="20" afterCool="0.7" defMode="false" preCool="0.05" shotInterval="0.3" shots="3" type="BurstShot" />
				</gunModes>
				<weaponAnims>
					<l dir="D1" inFront="true" leftArmInFront="true" lx="2" ly="-8" rightArmInFront="false" rx="-11" ry="-1" type="ItemSingleS" useFlipped="false">
						<animation aid="pistol1-1" />
					</l>
					<l dir="D2" inFront="true" leftArmInFront="false" lx="12" ly="-4" rightArmInFront="false" rx="-5" ry="-4" type="ItemSingleS" useFlipped="false">
						<animation aid="pistol1-2" />
					</l>
					<l dir="D3" inFront="true" leftArmInFront="false" lx="17" ly="2" rightArmInFront="true" rx="5" ry="-6" type="ItemSingleS" useFlipped="false">
						<animation aid="pistol1-3" />
					</l>
					<l dir="D4" inFront="false" leftArmInFront="true" lx="-9" ly="-6" rightArmInFront="false" rx="-11" ry="-2" type="ItemSingleS" useFlipped="false">
						<animation aid="pistol1-4" />
					</l>
					<l dir="D6" inFront="false" leftArmInFront="false" lx="10" ly="3" rightArmInFront="true" rx="8" ry="-1" type="ItemSingleS" useFlipped="false">
						<animation aid="pistol1-6" />
					</l>
					<l dir="D7" inFront="false" leftArmInFront="true" lx="-14" ly="-2" rightArmInFront="false" rx="-8" ry="1" type="ItemSingleS" useFlipped="false">
						<animation aid="pistol1-7" />
					</l>
					<l dir="D8" inFront="false" leftArmInFront="true" lx="-13" ly="-2" rightArmInFront="true" rx="3" ry="-2" type="ItemSingleS" useFlipped="false">
						<animation aid="pistol1-8" />
					</l>
					<l dir="D9" inFront="false" leftArmInFront="false" lx="4" ly="3" rightArmInFront="true" rx="10" ry="0" type="ItemSingleS" useFlipped="false">
						<animation aid="pistol1-9" />
					</l>
				</weaponAnims>
				<projectile aid="smallProjectile2" />
				<hit aid="2explosionWallhit2" />
				<audio noise="10.0">
					<audio auid="990" />
				</audio>
				<bulletEffect effect="755" />
				<light color="3a4e59fe" powerTier="None" skipCenter="false">
					<offset x="0" y="0" />
					<flood brightness="300" distance="6" />
				</light>
				<projectileLight color="401b00fe" powerTier="None" skipCenter="false">
					<flood brightness="200" distance="2" />
				</projectileLight>
				<damageTypes>
					<!-- MOD HERE FOR PISTOL DAMAGE -->
					<l damageType="Bullet" type="Person">
						<level min="4" max="4" />
					</l>
					<l damageTier="HeavyFurniture" type="Structure" />
				</damageTypes>
				<positions>
					<l direction="D1" offX="-12" offY="24" />
					<l direction="D2" offX="-5" offY="18" />
					<l direction="D3" offX="6" offY="21" />
					<l direction="D6" offX="10" offY="24" />
					<l direction="D9" offX="10" offY="31" />
					<l direction="D8" offX="4" offY="37" />
					<l direction="D7" offX="-7" offY="33" />
					<l direction="D4" offX="-9" offY="30" />
				</positions>
				<bulletEffectPos>
					<l direction="D1" offX="4" offY="3" />
					<l direction="D2" offX="0" offY="4" />
					<l direction="D3" offX="-4" offY="3" />
					<l direction="D6" offX="-5" offY="0" />
					<l direction="D9" offX="-4" offY="-1" />
					<l direction="D8" offX="0" offY="-3" />
					<l direction="D7" offX="4" offY="1" />
					<l direction="D4" offX="5" offY="0" />
				</bulletEffectPos>
				<muzzle instance="10_AllMuzzles_muzzle1s" />
			</weapon>
			<backPackItem id="747" />
		</item>
		
	</Item>
</data>
