<mod>
  <name>Water cycle</name>
  <description>Changes the water processing to relieve logistics
  
  The underlying ideas:
  - Ice and water have the same density, which leads to 1 ice being purified into 1 water instead of 5
  - some processes are updated to keep the economy in balance. O2 balance shouldn't change. 
  - crops have also been tweaked to be more unique. Vegs have the best output/water, fruits are a bit slower, and meat needs chemicals as well as water. 
  - trading prices should correlate with the rarity/usefulness of an item, so water should be more expensive than ice (energy cost)
  - Vegs are new cheaper than Fruits, which are cheaper than meat to reflect cost/time of growing
  
  
  </description>
  <modVersion>0.1</modVersion>
  <author>PhiR</author>
  <minimumLoaderVersion>0.0.6</minimumLoaderVersion>
  <gameVersions>
    <v>0.8.19</v>
  </gameVersions>
</mod>
