
<!--
	LOOK FOR "MOD HERE" COMMENTS to find the juicy bits
	
	Not sure about the damage model (min/max). It is random or distance-based ?
	Looking at the code, it's possible the accuracy values are currently hard coded! 
VANILLA VALUES FOR REFERENCE:
  Pistol:
<gunModes>
	<l accuracy="45" afterCool="0.7" defMode="false" preCool="0.05" type="AimedShot" />
	<l accuracy="50" afterCool="0.7" defMode="false" preCool="0.05" type="SnapShot" />
	<l accuracy="20" afterCool="0.7" defMode="false" preCool="0.05" shotInterval="0.3" shots="3" type="BurstShot" />
</gunModes>
<damageTypes>
	VANILLA:
	<l damageType="Bullet" type="Person">
		<level max="3" min="1" />
	</l>
	<l damageTier="HeavyFurniture" type="Structure" />

</damageTypes>

Shotgun:
<gunModes>
	VANILLA:
	<l accuracy="0" afterCool="0.7" defMode="true" preCool="0.05" projectiles="5" type="MultiShot" />
</gunModes>
<damageTypes>
	VANILLA:
	<l damageType="Bullet" type="Person">
		<level max="2" min="1" />
	</l>
	<l damageTier="HeavyFurniture" type="Structure" />

</damageTypes>

  SMG:
<gunModes>
	<l accuracy="40" afterCool="0.7" defMode="false" preCool="0.05" shotInterval="0.1" shots="3" type="BurstShot" />
</gunModes>
<damageTypes>
	<l damageType="Bullet" type="Person">
		<level max="3" min="1" />
	</l>
	<l damageTier="HeavyFurniture" type="Structure" />

</damageTypes>

AR:  
<gunModes>
	<l accuracy="50" afterCool="0.7" defMode="false" preCool="0.05" type="SnapShot" />
</gunModes>
<damageTypes>
	<l damageType="Bullet" type="Person">
		<level max="5" min="2" />
	</l>
	<l damageTier="HeavyFurniture" type="Structure" />
</damageTypes>


-->
<data>
	<Product>
	</Product>
  <Element>
  </Element>
  	<Item>
		<item _annotation="Five-Seven Pistol" eid="0" handness="SingleHand" mid="760">
			<name tid="506" />
			<desc tid="507" />
			<anims>
				<l dir="D1" inFront="true" leftArmInFront="true" lx="5" ly="-8" rightArmInFront="false" rx="-7" ry="2" type="ItemSingleS" useFlipped="false">
					<animation aid="pistol1-3" />
				</l>
				<l dir="D6" inFront="true" leftArmInFront="false" lx="4" ly="1" rightArmInFront="true" rx="2" ry="-2" type="ItemSingleS" useFlipped="false">
					<animation aid="pistol1-2" />
				</l>
				<l dir="D2" inFront="true" leftArmInFront="false" lx="8" ly="-7" rightArmInFront="false" rx="-10" ry="-5" type="ItemSingleS" useFlipped="false">
					<animation aid="pistol1-6" />
				</l>
				<l dir="D3" inFront="true" leftArmInFront="false" lx="13" ly="-2" rightArmInFront="true" rx="1" ry="-9" type="ItemSingleS" useFlipped="false">
					<animation aid="pistol1-1" />
				</l>
				<l dir="D9" inFront="true" leftArmInFront="false" lx="-2" ly="-1" rightArmInFront="true" rx="6" ry="-3" type="ItemSingleS" useFlipped="false">
					<animation aid="pistol1-3" />
				</l>
				<l dir="D8" inFront="true" leftArmInFront="false" lx="-8" ly="-7" rightArmInFront="false" rx="7" ry="-6" type="ItemSingleS" useFlipped="false">
					<animation aid="pistol1-4" />
				</l>
				<l dir="D4" inFront="true" leftArmInFront="true" lx="-1" ly="-13" rightArmInFront="false" rx="-2" ry="-9" type="ItemSingleS" useFlipped="false">
					<animation aid="pistol1-8" />
				</l>
				<l dir="D7" inFront="true" leftArmInFront="true" lx="2" ly="-5" rightArmInFront="false" rx="8" ry="-3" type="ItemSingleS" useFlipped="true">
					<animation aid="pistol1-1" />
				</l>
			</anims>
			<invIcon aid="pistol1inv" />
			<fabricateable cat="Weapons">
				<GUIAnim aid="pistol1inv" />
				<cost buildTools="0" partsPerTile="1" type="Defined">
					<resources>
						<l _annotation="Steel Plates" consumeEvery="3" element="1922" howMuch="1" />
						<l _annotation="Plastics" consumeEvery="1" element="175" howMuch="1" />
					</resources>
					<difficultyLevel level="1" skill="Construction" />
				</cost>
			</fabricateable>
			<weapon fullLight="true" gunType="Pistol" id="0" speed="14" type="Gun">
				<flare>
					<flareProjectile aid="smallProjectile1" />
					<flareEffect effect="718" />
				</flare>
				<gunModes>
					<!-- MOD HERE FOR PISTOL RATE OF FIRE 
					0 precool as the gun is easy to aim and wield
					not which of aimed/snapshot is used so I've put the same values
					-->
					<l accuracy="75" afterCool="0.5" defMode="false" preCool="0" type="AimedShot" />
					<l accuracy="75" afterCool="0.5" defMode="false" preCool="0" type="SnapShot" />
					<l accuracy="20" afterCool="0.5" defMode="false" preCool="0" shotInterval="0.3" shots="3" type="BurstShot" />
				</gunModes>
				<weaponAnims>
					<l dir="D1" inFront="true" leftArmInFront="true" lx="2" ly="-8" rightArmInFront="false" rx="-11" ry="-1" type="ItemSingleS" useFlipped="false">
						<animation aid="pistol1-1" />
					</l>
					<l dir="D2" inFront="true" leftArmInFront="false" lx="12" ly="-4" rightArmInFront="false" rx="-5" ry="-4" type="ItemSingleS" useFlipped="false">
						<animation aid="pistol1-2" />
					</l>
					<l dir="D3" inFront="true" leftArmInFront="false" lx="17" ly="2" rightArmInFront="true" rx="5" ry="-6" type="ItemSingleS" useFlipped="false">
						<animation aid="pistol1-3" />
					</l>
					<l dir="D4" inFront="false" leftArmInFront="true" lx="-9" ly="-6" rightArmInFront="false" rx="-11" ry="-2" type="ItemSingleS" useFlipped="false">
						<animation aid="pistol1-4" />
					</l>
					<l dir="D6" inFront="false" leftArmInFront="false" lx="10" ly="3" rightArmInFront="true" rx="8" ry="-1" type="ItemSingleS" useFlipped="false">
						<animation aid="pistol1-6" />
					</l>
					<l dir="D7" inFront="false" leftArmInFront="true" lx="-14" ly="-2" rightArmInFront="false" rx="-8" ry="1" type="ItemSingleS" useFlipped="false">
						<animation aid="pistol1-7" />
					</l>
					<l dir="D8" inFront="false" leftArmInFront="true" lx="-13" ly="-2" rightArmInFront="true" rx="3" ry="-2" type="ItemSingleS" useFlipped="false">
						<animation aid="pistol1-8" />
					</l>
					<l dir="D9" inFront="false" leftArmInFront="false" lx="4" ly="3" rightArmInFront="true" rx="10" ry="0" type="ItemSingleS" useFlipped="false">
						<animation aid="pistol1-9" />
					</l>
				</weaponAnims>
				<projectile aid="smallProjectile2" />
				<hit aid="2explosionWallhit2" />
				<audio noise="10.0">
					<audio auid="990" />
				</audio>
				<bulletEffect effect="755" />
				<light color="3a4e59fe" powerTier="None" skipCenter="false">
					<offset x="0" y="0" />
					<flood brightness="300" distance="6" />
				</light>
				<projectileLight color="401b00fe" powerTier="None" skipCenter="false">
					<flood brightness="200" distance="2" />
				</projectileLight>
				<damageTypes>
					<!-- MOD HERE FOR PISTOL DAMAGE -->
					<l damageType="Bullet" type="Person">
						<level max="3" min="2" />
					</l>
					<l damageTier="HeavyFurniture" type="Structure" />
				</damageTypes>
				<positions>
					<l direction="D1" offX="-12" offY="24" />
					<l direction="D2" offX="-5" offY="18" />
					<l direction="D3" offX="6" offY="21" />
					<l direction="D6" offX="10" offY="24" />
					<l direction="D9" offX="10" offY="31" />
					<l direction="D8" offX="4" offY="37" />
					<l direction="D7" offX="-7" offY="33" />
					<l direction="D4" offX="-9" offY="30" />
				</positions>
				<bulletEffectPos>
					<l direction="D1" offX="4" offY="3" />
					<l direction="D2" offX="0" offY="4" />
					<l direction="D3" offX="-4" offY="3" />
					<l direction="D6" offX="-5" offY="0" />
					<l direction="D9" offX="-4" offY="-1" />
					<l direction="D8" offX="0" offY="-3" />
					<l direction="D7" offX="4" offY="1" />
					<l direction="D4" offX="5" offY="0" />
				</bulletEffectPos>
				<muzzle instance="10_AllMuzzles_muzzle1s" />
			</weapon>
			<backPackItem id="747" />
		</item>
		
		
		
		<item _annotation="Shotgun" eid="0" handness="TwoHand" mid="729">
			<name tid="504" />
			<desc tid="505" />
			<anims>
				<l dir="D1" inFront="true" leftArmInFront="true" leftBehindItem="false" offX="-1" offY="-2" rightArmInFront="false" rightBehindItem="false" type="ItemSingleOffseted" useFlipped="false">
					<animation aid="shotgun1-3" />
				</l>
				<l dir="D6" inFront="true" leftArmInFront="false" leftBehindItem="false" offX="2" offY="1" rightArmInFront="false" rightBehindItem="false" type="ItemSingleOffseted" useFlipped="true">
					<animation aid="shotgun1-2" />
				</l>
				<l dir="D2" inFront="true" leftArmInFront="false" leftBehindItem="false" offX="-4" offY="-4" rightArmInFront="false" rightBehindItem="false" type="ItemSingleOffseted" useFlipped="true">
					<animation aid="shotgun1-6" />
				</l>
				<l dir="D3" inFront="true" leftArmInFront="true" leftBehindItem="true" offX="9" offY="-5" rightArmInFront="true" rightBehindItem="false" type="ItemSingleOffseted" useFlipped="false">
					<animation aid="shotgun1-1" />
				</l>
				<l dir="D9" inFront="false" leftArmInFront="false" leftBehindItem="false" offX="3" offY="-8" rightArmInFront="true" rightBehindItem="false" type="ItemSingleOffseted" useFlipped="true">
					<animation aid="shotgun1-7" />
				</l>
				<l dir="D8" inFront="false" leftArmInFront="true" leftBehindItem="false" offX="-5" offY="-1" rightArmInFront="true" rightBehindItem="false" type="ItemSingleOffseted" useFlipped="true">
					<animation aid="shotgun1-6" />
				</l>
			</anims>
			<fabricateable cat="Weapons">
				<GUIAnim aid="shotgun1inv" />
				<cost buildTools="0" partsPerTile="1" type="Defined">
					<resources>
						<l _annotation="Steel Plates" consumeEvery="1" element="1922" howMuch="1" />
						<l _annotation="Plastics" consumeEvery="1" element="175" howMuch="1" />
					</resources>
					<difficultyLevel level="1" skill="Construction" />
				</cost>
			</fabricateable>
			<weapon fullLight="true" gunType="Rifle" id="0" speed="8" type="Gun">
				<flare>
					<flareProjectile aid="smallProjectile1" />
					<flareEffect effect="718" />
				</flare>
				<gunModes>
					<!-- MOD HERE FOR SHOTGUN RATE OF FIRE 
					Longer aftercool to compensate for recoil/pump action
					I don't increase precool since this isn't exactly an aimed shot!
					more projectiles (this is buckshot)
					-->
					<l accuracy="0" afterCool="1.4" defMode="true" preCool="0.1" projectiles="10" type="MultiShot" />
				</gunModes>
				<weaponAnims>
					<l dir="D1" inFront="false" leftArmInFront="true" leftBehindItem="false" rightArmInFront="false" rightBehindItem="false" type="ItemSingle" useFlipped="false">
						<animation aid="shotgun1-1" />
					</l>
					<l dir="D2" inFront="true" leftArmInFront="true" leftBehindItem="false" rightArmInFront="false" rightBehindItem="false" type="ItemSingle" useFlipped="false">
						<animation aid="shotgun1-2" />
					</l>
					<l dir="D3" inFront="true" leftArmInFront="true" leftBehindItem="true" rightArmInFront="true" rightBehindItem="false" type="ItemSingle" useFlipped="false">
						<animation aid="shotgun1-3" />
					</l>
					<l dir="D4" inFront="false" leftArmInFront="true" leftBehindItem="false" rightArmInFront="false" rightBehindItem="false" type="ItemSingle" useFlipped="false">
						<animation aid="shotgun1-4" />
					</l>
					<l dir="D6" inFront="true" leftArmInFront="false" leftBehindItem="false" rightArmInFront="true" rightBehindItem="false" type="ItemSingle" useFlipped="false">
						<animation aid="shotgun1-6" />
					</l>
					<l dir="D7" inFront="false" leftArmInFront="false" leftBehindItem="false" rightArmInFront="false" rightBehindItem="false" type="ItemSingle" useFlipped="false">
						<animation aid="shotgun1-7" />
					</l>
					<l dir="D8" inFront="false" leftArmInFront="false" leftBehindItem="false" rightArmInFront="true" rightBehindItem="false" type="ItemSingle" useFlipped="false">
						<animation aid="shotgun1-8" />
					</l>
					<l dir="D9" inFront="true" leftArmInFront="false" leftBehindItem="false" rightArmInFront="true" rightBehindItem="false" type="ItemSingle" useFlipped="false">
						<animation aid="shotgun1-9" />
					</l>
				</weaponAnims>
				<projectile aid="smallProjectile2" />
				<hit aid="2explosionWallhit2" />
				<audio noise="10.0">
					<audio auid="3612" />
				</audio>
				<bulletEffect effect="393" />
				<light color="537080fe" powerTier="None" skipCenter="false">
					<offset x="0" y="0" />
					<flood brightness="300" distance="6" />
				</light>
				<damageTypes>
					<!-- MOD HERE FOR SHOTGUN DAMAGE 
					average dmg lowered 
					-->
					<l damageType="Bullet" type="Person">
						<level max="1" min="1" />
					</l>
					<l damageTier="HeavyFurniture" type="Structure" />
				</damageTypes>
				<positions>
					<l direction="D1" offX="-15" offY="23" />
					<l direction="D2" offX="-5" offY="16" />
					<l direction="D3" offX="10" offY="20" />
					<l direction="D6" offX="16" offY="26" />
					<l direction="D9" offX="14" offY="33" />
					<l direction="D8" offX="4" offY="38" />
					<l direction="D7" offX="-10" offY="34" />
					<l direction="D4" offX="-16" offY="27" />
				</positions>
				<bulletEffectPos>
					<l direction="D6" offX="-11" offY="-1" />
					<l direction="D4" offX="9" offY="0" />
					<l direction="D1" offX="8" offY="5" />
					<l direction="D3" offX="-8" offY="4" />
					<l direction="D2" offX="0" offY="4" />
					<l direction="D7" offX="7" offY="-3" />
					<l direction="D8" offX="0" offY="-4" />
					<l direction="D9" offX="-7" offY="-4" />
				</bulletEffectPos>
				<muzzle instance="10_AllMuzzles_muzzle2" />
			</weapon>
			<backPackItem id="747" />
		</item>
		
		
		
		<item _annotation="SMG" eid="0" handness="TwoHand" mid="728">
			<name tid="502" />
			<desc tid="503" />
			<anims>
				<l dir="D1" inFront="true" leftArmInFront="true" leftBehindItem="false" offX="-1" offY="-2" rightArmInFront="false" rightBehindItem="false" type="ItemSingleOffseted" useFlipped="false">
					<animation aid="smg1-3" />
				</l>
				<l dir="D6" inFront="true" leftArmInFront="false" leftBehindItem="false" offX="2" offY="0" rightArmInFront="false" rightBehindItem="false" type="ItemSingleOffseted" useFlipped="true">
					<animation aid="smg1-2" />
				</l>
				<l dir="D2" inFront="true" leftArmInFront="false" leftBehindItem="false" offX="-4" offY="-4" rightArmInFront="false" rightBehindItem="false" type="ItemSingleOffseted" useFlipped="true">
					<animation aid="smg1-6" />
				</l>
				<l dir="D3" inFront="true" leftArmInFront="false" leftBehindItem="false" offX="6" offY="-5" rightArmInFront="true" rightBehindItem="false" type="ItemSingleOffseted" useFlipped="false">
					<animation aid="smg1-1" />
				</l>
				<l dir="D9" inFront="false" leftArmInFront="false" leftBehindItem="false" offX="3" offY="-7" rightArmInFront="true" rightBehindItem="false" type="ItemSingleOffseted" useFlipped="true">
					<animation aid="smg1-7" />
				</l>
				<l dir="D8" inFront="false" leftArmInFront="true" leftBehindItem="false" offX="-3" offY="-2" rightArmInFront="true" rightBehindItem="false" type="ItemSingleOffseted" useFlipped="true">
					<animation aid="smg1-6" />
				</l>
			</anims>
			<offset x="0" y="0" />
			<invIcon aid="smg1inv" />
			<fabricateable cat="Weapons">
				<GUIAnim aid="smg1inv" />
				<cost buildTools="0" partsPerTile="1" type="Defined">
					<resources>
						<l _annotation="Steel Plates" consumeEvery="2" element="1922" howMuch="1" />
						<l _annotation="Plastics" consumeEvery="1" element="175" howMuch="1" />
					</resources>
					<difficultyLevel level="2" skill="Construction" />
				</cost>
			</fabricateable>
			<weapon fullLight="true" gunType="Rifle" id="0" speed="14" type="Gun">
				<flare>
					<flareProjectile aid="smallProjectile2" />
					<flareEffect effect="718" />
				</flare>
				<gunModes>
					<!-- MOD HERE FOR SMG RATE OF FIRE 
					increased burst speed by reducing shotInterval
					precool reduced as smg is easy to aim/wield
					aftercool reduced slighlty
					-->
					<l accuracy="85" afterCool="0.5" defMode="false" preCool="0" shotInterval="0.1" shots="3" type="BurstShot" />
				</gunModes>
				<weaponAnims>
					<l dir="D1" inFront="false" leftArmInFront="true" leftBehindItem="false" rightArmInFront="false" rightBehindItem="false" type="ItemSingle" useFlipped="false">
						<animation aid="smg1-1" />
					</l>
					<l dir="D2" inFront="true" leftArmInFront="true" leftBehindItem="false" rightArmInFront="false" rightBehindItem="false" type="ItemSingle" useFlipped="false">
						<animation aid="smg1-2" />
					</l>
					<l dir="D3" inFront="true" leftArmInFront="false" leftBehindItem="false" rightArmInFront="true" rightBehindItem="false" type="ItemSingle" useFlipped="false">
						<animation aid="smg1-3" />
					</l>
					<l dir="D4" inFront="false" leftArmInFront="true" leftBehindItem="false" rightArmInFront="false" rightBehindItem="false" type="ItemSingle" useFlipped="false">
						<animation aid="smg1-4" />
					</l>
					<l dir="D6" inFront="true" leftArmInFront="false" leftBehindItem="false" rightArmInFront="true" rightBehindItem="false" type="ItemSingle" useFlipped="false">
						<animation aid="smg1-6" />
					</l>
					<l dir="D7" inFront="false" leftArmInFront="false" leftBehindItem="false" rightArmInFront="false" rightBehindItem="false" type="ItemSingle" useFlipped="false">
						<animation aid="smg1-7" />
					</l>
					<l dir="D8" inFront="false" leftArmInFront="false" leftBehindItem="false" rightArmInFront="true" rightBehindItem="false" type="ItemSingle" useFlipped="false">
						<animation aid="smg1-8" />
					</l>
					<l dir="D9" inFront="true" leftArmInFront="false" leftBehindItem="false" rightArmInFront="true" rightBehindItem="false" type="ItemSingle" useFlipped="false">
						<animation aid="smg1-9" />
					</l>
				</weaponAnims>
				<projectile aid="smallProjectile2" />
				<hit aid="2explosionWallhit2" />
				<audio noise="10.0">
					<audio auid="990" />
				</audio>
				<bulletEffect effect="1018" />
				<light color="537080fe" powerTier="None" skipCenter="false">
					<offset x="0" y="0" />
					<flood brightness="300" distance="6" />
				</light>
				<projectileLight color="401b00fe" powerTier="None" skipCenter="false">
					<flood brightness="200" distance="2" />
				</projectileLight>
				<damageTypes>
					<!-- MOD HERE FOR SMG BULLET DAMAGE
					Bullet now do reliable dmg
					-->
					<l damageType="Bullet" type="Person">
						<level max="3" min="2" />
					</l>
					<l damageTier="HeavyFurniture" type="Structure" />
				</damageTypes>
				<positions>
					<l direction="D1" offX="-14" offY="23" />
					<l direction="D2" offX="-5" offY="17" />
					<l direction="D3" offX="8" offY="20" />
					<l direction="D6" offX="13" offY="25" />
					<l direction="D9" offX="11" offY="32" />
					<l direction="D8" offX="3" offY="37" />
					<l direction="D7" offX="-14" offY="34" />
					<l direction="D4" offX="-16" offY="26" />
				</positions>
				<bulletEffectPos>
					<l direction="D1" offX="6" offY="4" />
					<l direction="D2" offX="0" offY="5" />
					<l direction="D3" offX="-6" offY="4" />
					<l direction="D6" offX="-6" offY="0" />
					<l direction="D9" offX="-4" offY="-2" />
					<l direction="D8" offX="1" offY="-3" />
					<l direction="D7" offX="4" offY="1" />
					<l direction="D4" offX="6" offY="2" />
				</bulletEffectPos>
				<muzzle instance="10_AllMuzzles_muzzle1" />
			</weapon>
			<backPackItem id="747" />
		</item>
		
		
		
		<item _annotation="Assault rifle" eid="0" handness="TwoHand" mid="725">
			<name tid="508" />
			<desc tid="509" />
			<anims>
				<l dir="D1" inFront="true" leftArmInFront="true" leftBehindItem="false" offX="-1" offY="-2" rightArmInFront="false" rightBehindItem="false" type="ItemSingleOffseted" useFlipped="false">
					<animation aid="smg1-3" />
				</l>
				<l dir="D6" inFront="true" leftArmInFront="false" leftBehindItem="false" offX="2" offY="0" rightArmInFront="false" rightBehindItem="false" type="ItemSingleOffseted" useFlipped="true">
					<animation aid="smg1-2" />
				</l>
				<l dir="D2" inFront="true" leftArmInFront="false" leftBehindItem="false" offX="-4" offY="-4" rightArmInFront="false" rightBehindItem="false" type="ItemSingleOffseted" useFlipped="true">
					<animation aid="smg1-6" />
				</l>
				<l dir="D3" inFront="true" leftArmInFront="false" leftBehindItem="false" offX="6" offY="-5" rightArmInFront="true" rightBehindItem="false" type="ItemSingleOffseted" useFlipped="false">
					<animation aid="smg1-1" />
				</l>
				<l dir="D9" inFront="false" leftArmInFront="false" leftBehindItem="false" offX="3" offY="-7" rightArmInFront="true" rightBehindItem="false" type="ItemSingleOffseted" useFlipped="true">
					<animation aid="smg1-7" />
				</l>
				<l dir="D8" inFront="false" leftArmInFront="true" leftBehindItem="false" offX="-3" offY="-2" rightArmInFront="true" rightBehindItem="false" type="ItemSingleOffseted" useFlipped="true">
					<animation aid="smg1-6" />
				</l>
			</anims>
			<fabricateable cat="Weapons">
				<GUIAnim aid="rifle1inv" />
				<cost buildTools="0" partsPerTile="1" type="Defined">
					<resources>
						<l _annotation="Steel Plates" consumeEvery="3" element="1922" howMuch="2" />
						<l _annotation="Plastics" consumeEvery="1" element="175" howMuch="1" />
					</resources>
					<difficultyLevel level="3" skill="Construction" />
				</cost>
			</fabricateable>
			<weapon fullLight="true" gunType="Rifle" id="0" speed="20" type="Gun">
				<flare>
					<flareProjectile aid="smallProjectile1" />
					<flareEffect effect="718" />
				</flare>
				<gunModes>
					<!-- MOD HERE FOR ASSAULT RIFLE RATE OF FIRE 
					increased precool (aiming/wielding time)
					-->
					<l accuracy="95" afterCool="0.4" defMode="false" preCool="0.2" type="SnapShot" />
				</gunModes>
				<weaponAnims>
					<l dir="D1" inFront="false" leftArmInFront="true" leftBehindItem="false" rightArmInFront="false" rightBehindItem="false" type="ItemSingle" useFlipped="false">
						<animation aid="rifle1-1" />
					</l>
					<l dir="D2" inFront="true" leftArmInFront="true" leftBehindItem="false" rightArmInFront="false" rightBehindItem="false" type="ItemSingle" useFlipped="false">
						<animation aid="rifle1-2" />
					</l>
					<l dir="D3" inFront="true" leftArmInFront="false" leftBehindItem="false" rightArmInFront="true" rightBehindItem="false" type="ItemSingle" useFlipped="false">
						<animation aid="rifle1-3" />
					</l>
					<l dir="D4" inFront="false" leftArmInFront="true" leftBehindItem="false" rightArmInFront="false" rightBehindItem="false" type="ItemSingle" useFlipped="false">
						<animation aid="rifle1-4" />
					</l>
					<l dir="D6" inFront="true" leftArmInFront="false" leftBehindItem="false" rightArmInFront="true" rightBehindItem="false" type="ItemSingle" useFlipped="false">
						<animation aid="rifle1-6" />
					</l>
					<l dir="D7" inFront="false" leftArmInFront="false" leftBehindItem="false" rightArmInFront="false" rightBehindItem="false" type="ItemSingle" useFlipped="false">
						<animation aid="rifle1-7" />
					</l>
					<l dir="D8" inFront="false" leftArmInFront="false" leftBehindItem="false" rightArmInFront="true" rightBehindItem="false" type="ItemSingle" useFlipped="false">
						<animation aid="rifle1-8" />
					</l>
					<l dir="D9" inFront="true" leftArmInFront="false" leftBehindItem="false" rightArmInFront="true" rightBehindItem="false" type="ItemSingle" useFlipped="false">
						<animation aid="rifle1-9" />
					</l>
				</weaponAnims>
				<projectile aid="smallProjectile2" />
				<hit aid="2explosionWallhit2" />
				<audio noise="10.0">
					<audio auid="990" />
				</audio>
				<bulletEffect effect="755" />
				<light color="537080fe" powerTier="None" skipCenter="false">
					<offset x="0" y="0" />
					<flood brightness="300" distance="6" />
				</light>
				<damageTypes>
					<!-- MOD HERE FOR ASSAULT RIFLE DAMAGE
					increased dmg per shot
					-->
					<l damageType="Bullet" type="Person">
						<level max="6" min="6" />
					</l>
					<l damageTier="HeavyFurniture" type="Structure" />
				</damageTypes>
				<positions>
					<l direction="D1" offX="-18" offY="22" />
					<l direction="D2" offX="-6" offY="17" />
					<l direction="D3" offX="11" offY="18" />
					<l direction="D6" offX="18" offY="26" />
					<l direction="D9" offX="17" offY="32" />
					<l direction="D8" offX="4" offY="35" />
					<l direction="D7" offX="-14" offY="37" />
					<l direction="D4" offX="-16" offY="27" />
				</positions>
				<bulletEffectPos>
					<l direction="D1" offX="8" offY="4" />
					<l direction="D2" offX="0" offY="4" />
					<l direction="D3" offX="-6" offY="4" />
					<l direction="D6" offX="-8" offY="3" />
					<l direction="D9" offX="-6" offY="-1" />
					<l direction="D8" offX="0" offY="-4" />
					<l direction="D7" offX="6" offY="-1" />
					<l direction="D4" offX="8" offY="1" />
				</bulletEffectPos>
				<muzzle instance="10_AllMuzzles_muzzle1" />
			</weapon>
			<backPackItem id="747" />
		</item>
	</Item>
</data>
